username,Design of Switched Mode Power Supplies,Digital Control System,Discrete Data Systems,Reconfigurable Computing,Reverse Logistics Management,Reliability Theory,Graph Theory,Game Theory,Optimization Techniques,Topics in Stochastic Processes,Probabilistic Engineering Design,Digital Systems and Microprocessors,Foundations of IoT,Sensors and Embedded Systems,Sensors in Healthcare,Antenna Theory and Design,Biomedical Instrumentation,Digital Filter Design,Electromagnetic Interference and Compatibility,Fiber Optic Communication System Design,Optical Fiber Communication,RF Microelectronics,RF and Microwave Circuit Design,Wireless Networks,Wireless Communications,Advanced Semiconductor Devices,MOS Modeling for VLSI Circuits,SOC Low Power Design and Verification,Solid State Devices,VLSI Data Conversion Circuits,VLSI Technology,Acoustic & Audio Signal Processing,Adaptive Filter Design,Computational Electromagnetics,Detection and Estimation Theory,Optical Fiber Sensors,Smart Materials and Applications,Advanced Data Structures & Algorithms,Algorithmic Graph Theory,Cloud Computing,Computer Architecture,Computer and Network Security,Computer Vision,Data Mining,Digital Image Processing,Information Retrieval Systems,Machine Learning,Multimedia Processing and Analysis,Network Algorithmics,Network System Design,Pattern Recognition,Randomized and Approximation Algorithms,Introduction to Cryptography,Digital System Testing and Testable Design,Deep Learning,AI for Autonomous Vehicles,Bio-Inspired Design,Mobile Robotics,Introductory Quantum Science for Engineers,Quantum Mechanics,Computational Mathematics in Engineering,Computational Systems Biology,Computational Fluid Dynamics,Business Analytics and Data Mining Modeling using R,Inverse Problems in Engineering,Principles of Vibrations,Nano-photonics,Introduction to Photonics,Optoelectronics Devices,Optics and Lasers in Manufacturing
Harris,0.38086438698580616,0.4050653232030357,0.2990506796986271,0.29418417978659855,0.2395548388432775,0.1648191971341735,0.2990506796986271,0.0548765033130849,0.22048302584239554,0.19426319277014992,0.0548765033130849,0.15128143100351743,0.0,0.047730727185963336,0.0561998132313451,0.041179115598838065,0.04972309582983707,0.23266899234300817,0.09174167571539636,0.0,0.10362880397901297,0.12064161456620334,0.11776840827717307,0.027127029407151938,0.030447193108509022,0.0,0.11165654245255076,0.13081527159728257,0.0,0.18957524159655603,0.0,0.10013815779153641,0.03185316477152113,0.0,0.033871204003632666,0.04913178580128303,0.12089372613767932,0.2990506796986271,0.4259632914382494,0.0,0.07124639107355468,0.0,0.04795155824483339,0.0,0.09369685402060034,0.0,0.06453085150758932,0.06050866123473639,0.28052283371140246,0.0,0.06453085150758932,0.3703325471996522,0.1577541693746759,0.4154967660633082,0.0,0.0,0.3703325471996522,0.0,0.09462289652601245,0.16682679470102196,0.16682679470102196,0.17797628496737308,0.03861378639906869,0.12350849371037124,0.0,0.10679274262286409,0.0,0.0722249118363219,0.0,0.0
Shreya,0.4619491533884691,0.34883285816027076,0.7311543201380162,0.11441371886592117,0.0430153552759087,0.05759351705634004,0.7311543201380162,0.05249841652667558,0.0,0.06788226554166929,0.05249841652667558,0.12834286977228554,0.0,0.04566230436793035,0.05376438048371473,0.039394608482506026,0.027809600085591246,0.1946820675928076,0.0,0.0,0.0731510851031385,0.10234891965708928,0.1152740718888624,0.03789377535184531,0.0,0.0,0.09472623964588359,0.0,0.052246380311055,0.08978230634974946,0.050607317717999124,0.07068705438464486,0.0,0.0,0.0,0.04700264776309347,0.05408021511531201,0.7311543201380162,0.6250840048768921,0.059674760289654016,0.13887086877634225,0.09548496645485822,0.0,0.0,0.08963647777535617,0.0,0.06173439116443642,0.0,0.1831292803738745,0.09548496645485822,0.06173439116443642,0.15946385710419214,0.6139719737607838,0.0,0.0,0.05704381195154408,0.15946385710419214,0.05643157781959172,0.07579557599005088,0.23338140639782493,0.23338140639782493,0.055615715655320724,0.05541067268312156,0.08861716703772694,0.0,0.08554396172423269,0.0,0.0503720486163666,0.0,0.0
Arun,0.46023974254815003,0.32462948441448525,0.48907992939312867,0.12797975722501553,0.2226011322591599,0.15193439316956542,0.48907992939312867,0.050586511614626,0.11903258998572397,0.17907659315126803,0.050586511614626,0.1006509146336318,0.10418394304577461,0.13435752196619763,0.15819720515272634,0.03795992243959077,0.026796820757689802,0.14085903959231605,0.020856280919498347,0.0,0.07048704439136994,0.08026556047505998,0.10921227725057969,0.02434249810162211,0.0,0.0,0.07428759133311522,0.02973915651439887,0.033562436092199784,0.09614350789909148,0.03250952231706284,0.06811274956865775,0.0,0.0,0.0,0.04529088959812229,0.06948093831013284,0.48907992939312867,0.49166465482998056,0.03833433659164074,0.11110117435760206,0.06133837531571394,0.0,0.0,0.08637206651315274,0.0,0.05948612743538275,0.0,0.22064437107822318,0.06133837531571394,0.05948612743538275,0.23841895876550923,0.3944080912221183,0.06430472639576094,0.0,0.036644247537930545,0.23841895876550923,0.03625095581504411,0.11267764629030032,0.1499213627949135,0.1499213627949135,0.10718056779956656,0.07119027766827182,0.1138531698337073,0.0,0.12716958919474805,0.0,0.17896568589033146,0.0,0.0
Varun,0.33442123831496184,0.16788270521696724,0.5146164009880531,0.18466523012423675,0.11244143186120792,0.1724914945681124,0.5146164009880531,0.06826329764801194,0.20570140466418413,0.20330610173533487,0.06826329764801194,0.07369958448673737,0.10544223085281351,0.1508238210358429,0.1775851966392185,0.051224514232762836,0.03616061461873404,0.11811801817384704,0.04221634780090164,0.0,0.09511780785108581,0.05877282364635736,0.11791261432109999,0.024636496079224874,0.0,0.0,0.05439557736459678,0.06019666591389153,0.03396778842265231,0.10364440055257941,0.032902158018384364,0.09191384717038778,0.0,0.0,0.0,0.06111719070357819,0.03516004925033528,0.5146164009880531,0.5221278876128304,0.03879732183595036,0.1345996358123978,0.062079193214393674,0.0,0.0,0.11655364042055269,0.0,0.08027276626591964,0.0,0.23706089889463847,0.062079193214393674,0.08027276626591964,0.25945277738384215,0.39917157854726437,0.1301627411542633,0.0,0.03708682063055035,0.25945277738384215,0.03668877890334415,0.12431574775629536,0.10512805531955835,0.10512805531955835,0.0937277020085103,0.10807512376080469,0.057614119152966894,0.0,0.14030451551921452,0.0,0.17924274215881325,0.0,0.0
Ashish,0.4621214132484497,0.3036814883681248,0.476581531789315,0.1704115579724155,0.10617106751717229,0.1605807501837605,0.476581531789315,0.07165920461377015,0.10117061385621776,0.1892675718031102,0.07165920461377015,0.1164936568885107,0.14377010190518408,0.13912711720741638,0.16381309197341642,0.053772789670576915,0.0379595034404116,0.16931941927397115,0.035453193846096014,0.0374858237210821,0.09984965113112637,0.14030635368472427,0.13207610989754992,0.09730796679290736,0.0429979251127208,0.0,0.0859806709887775,0.05055302452023802,0.028526072249332474,0.12523642411176122,0.027631158234766817,0.09648630242247662,0.0,0.0,0.04783335816984952,0.06415759895792363,0.02952733020841269,0.476581531789315,0.4831281266564197,0.03258190353761357,0.1316435594537423,0.05213396670926946,0.0,0.0,0.1223518560507078,0.0,0.08426611050089533,0.0,0.21548656033697872,0.05213396670926946,0.08426611050089533,0.23954276153886583,0.3746806311802748,0.10931037700003879,0.0,0.031145428475985133,0.23954276153886583,0.03081115392954569,0.11427563699664425,0.1536403702957906,0.1536403702957906,0.030365700236774436,0.09076124563647812,0.048384207564221925,0.0,0.1289731041629186,0.0,0.150527651355158,0.0,0.0
Akshay,0.36409184425798347,0.3421405670138269,0.5183645908557617,0.1747213952811606,0.19795706232498375,0.1632031898197484,0.5183645908557617,0.0645874624233792,0.19462481599834108,0.19235849510204656,0.0645874624233792,0.11381398740507527,0.062213164217154365,0.05617716804906005,0.06614494558028683,0.04846618171339949,0.034213441459223136,0.17563499582097353,0.03994308612664058,0.042233133971486356,0.08999591364679883,0.14417313769265522,0.11513255813585238,0.10963132166004781,0.048443303401658706,0.0,0.08400288278667452,0.05695520186812147,0.0321386943488401,0.12890162723384768,0.031130445904005842,0.08696447952040198,0.0,0.0,0.05389110931440487,0.05782615833099617,0.06653350886942767,0.5183645908557617,0.5486236387174617,0.036708167529907944,0.12735172808468845,0.05873635902682061,0.0,0.0,0.11027747164789564,0.0,0.07595024637623525,0.0,0.2671074976341792,0.05873635902682061,0.07595024637623525,0.3019998780646784,0.42213124115659223,0.12315375088636453,0.0,0.03508977322234645,0.3019998780646784,0.03471316520625809,0.11902400221540746,0.1730978193359436,0.1730978193359436,0.1571032580920922,0.06817033687019484,0.10902343965378924,0.0,0.13433217647315313,0.0,0.09474011020883644,0.0,0.0
Harshith,0.3533332487781914,0.3865280577034848,0.5823350134417066,0.10898799458375646,0.04935203944687321,0.1809044116744723,0.5823350134417066,0.06023207077343245,0.24200064536023658,0.21322193779089843,0.06023207077343245,0.1198424801418962,0.0773571746913408,0.05238891628225948,0.0616845265940428,0.04519791268379085,0.03190629187234754,0.1677172702960026,0.0,0.052513579135623406,0.08392712821817803,0.16198190033198934,0.10129222904564614,0.13631792254926728,0.060235436197833454,0.0,0.08845234264918792,0.0,0.039961937708503655,0.08383585535296292,0.038708260097651485,0.08110011585393256,0.0,0.0,0.0670093542098773,0.0539267085354248,0.04136459166805266,0.5823350134417066,0.5119751486360833,0.04564371807706743,0.13228533819247856,0.07303404099671597,0.0,0.0,0.10284101941442585,0.0,0.07082861662849779,0.0,0.16305028309967803,0.07303404099671597,0.07082861662849779,0.1523060537678582,0.4696116673369606,0.0,0.0,0.04363137209298412,0.1523060537678582,0.04316308965698686,0.0718087017767497,0.17850754768592947,0.17850754768592947,0.11026742579235656,0.042382225083651456,0.06778103455171589,0.0,0.08104431895950545,0.0,0.03852830869952208,0.0,0.0
Swetha,0.27174009218481404,0.24388593726102736,0.47735142286436477,0.13905152084936,0.10968614095524779,0.10875484541291261,0.47735142286436477,0.09913367798316786,0.0,0.12818326910024747,0.09913367798316786,0.07831389280240922,0.16748160909837792,0.10049074928688573,0.03280663691921587,0.12931579708007462,0.016969217252543897,0.222441058354291,0.1091532393088903,0.09551266909297071,0.08420509194892309,0.18324347703619479,0.08452781995123998,0.06980681228093456,0.09674931601317294,0.0,0.05780126773201531,0.1293802055190045,0.03188036417023778,0.10367138591231556,0.030880220006118928,0.0993481937558315,0.05481775417805391,0.04238055876151527,0.0582907019790355,0.07952994742157818,0.06599871386367168,0.47735142286436477,0.49018229663318486,0.12790157966454574,0.08473800180737717,0.058264237354634624,0.0,0.32075982849599416,0.19726636532625552,0.32075982849599416,0.11657413040396143,0.0,0.22829615285453916,0.058264237354634624,0.11657413040396143,0.25116993764851375,0.4187381587327091,0.12216384351437545,0.0,0.034807722331129366,0.25116993764851375,0.12095043048442497,0.04764103738108651,0.17170646254654306,0.17170646254654306,0.13574523311463574,0.0,0.16222066715881614,0.0,0.0537683502631519,0.0,0.03250527011220025,0.0,0.0
Akshitha,0.3205381677112712,0.3506519576453703,0.5282848383167619,0.13823868306624001,0.1094984653230618,0.24782122173311869,0.5282848383167619,0.1309439084076508,0.1285743061120125,0.292093048668862,0.1309439084076508,0.10871914582477529,0.09522602089763475,0.08882087442572305,0.05595919772329121,0.12509297692608223,0.02894486825281343,0.19662987400488371,0.10159568959631252,0.07629053630964282,0.12113309409523992,0.18318116290620517,0.1341011739830895,0.07938095413397744,0.11001867534113036,0.0,0.08024252441733468,0.07356247781961586,0.03625281893388103,0.10385042295377303,0.035115503026949595,0.10553546649814427,0.06233611717755251,0.048193135903141705,0.06628538661260322,0.10674478026800853,0.07505056751523512,0.5282848383167619,0.5310767567281242,0.09342538543343555,0.12000710396179423,0.06625529231281935,0.0,0.27531724554106446,0.17435804974487068,0.27531724554106446,0.15398069117247615,0.0,0.23833134196530853,0.06625529231281935,0.15398069117247615,0.25753075011558085,0.4260240549241945,0.06945942768320325,0.0,0.03958167003466287,0.25753075011558085,0.08834793609261159,0.0942177753163135,0.16193913948302008,0.16193913948302008,0.11577221948353429,0.03844846421562923,0.12297970086828904,0.0,0.10633551708161731,0.0,0.07191568600697429,0.0,0.0
Ananya,0.12159935067489641,0.10913506126843353,0.6129447887518029,0.26031024214925386,0.12365784200921173,0.12719856833258558,0.6129447887518029,0.11594574811933253,0.0,0.14992185637189231,0.11594574811933253,0.08934978897561889,0.08431894517025387,0.07864743659432447,0.04954969744744195,0.0678521378995959,0.04383936908075772,0.2063140755195927,0.060938110440377447,0.028619773262777048,0.09136642256911401,0.10744754905052215,0.05408904009631381,0.09420584553482364,0.0796042792763525,0.0,0.06594655034463998,0.12358518692151926,0.032100463960780506,0.11172906304849184,0.031093414871741113,0.11659060952429513,0.08328019647890655,0.0,0.08855636620828458,0.04331802868249196,0.1398155711516082,0.6129447887518029,0.7012157725000955,0.08272455236095402,0.10626163231027978,0.05866648954878801,0.04227745728236146,0.24378273409278772,0.15438728509126765,0.24378273409278772,0.1363439250518164,0.053348680088828614,0.3800393011684987,0.05866648954878801,0.1363439250518164,0.4511471482209648,0.42751223797440174,0.30482746669037997,0.0,0.035048032396392155,0.4511471482209648,0.0782286680581341,0.05908293220712918,0.14339082211221554,0.14339082211221554,0.10251180648789651,0.0,0.10889375148536785,0.0,0.06668183499186706,0.0,0.03272968420938642,0.0,0.0
Harshini,0.0755701592580378,0.0678239967147609,0.1581287020978439,0.5099657786119465,0.16568441370343512,0.06162534342641091,0.1581287020978439,0.2900948703590834,0.07013636468211872,0.07263435435755672,0.2900948703590834,0.09296437773562483,0.0,0.048858887807846474,0.05752814866603834,0.04215242271987948,0.04561286281299584,0.13622709952737896,0.08780237887823784,0.0,0.09912663038825377,0.07413581794389172,0.05627717773617992,0.04109941367707588,0.02337513086208475,0.0,0.06861437600343304,0.12519819319058495,0.0,0.15075894494686187,0.0921295055320374,0.09578763600487528,0.024454533206142083,0.0,0.026003836321451097,0.05029306176106152,0.09281337228040042,0.1581287020978439,0.37097816920312915,0.03192614190535748,0.3627016019257454,0.05108468930699037,0.03681370381234291,0.0,0.09591146727567475,0.0,0.06605609886625223,0.046454130257946126,0.37947555519156356,0.05108468930699037,0.06605609886625223,0.456937353063138,0.0860241284460257,0.37254323471580436,0.0,0.030518578145059896,0.456937353063138,0.03019103139529267,0.06112410374268781,0.06403871357765195,0.06403871357765195,0.10688264821749949,0.0,0.047410399913876904,0.0,0.0689855301274953,0.0,0.028499843127002916,0.0,0.0
Anurag,0.12350030436803833,0.07745318307752051,0.3227075409769572,0.3866523232764914,0.21864858176659957,0.043859041791480646,0.3227075409769572,0.039978983088975184,0.0,0.05169420576242993,0.039978983088975184,0.10449715486295422,0.06967297300055275,0.0649865900876112,0.04094304934045923,0.05606640550783462,0.051271406373172304,0.18666610756406513,0.11718956142994252,0.023648596241249716,0.09528608909580866,0.11324019892786978,0.08233752800187094,0.05876361484845058,0.044363169841457446,0.0,0.07712639238489839,0.19742115791884815,0.026524700401893597,0.17478662784439292,0.025692573009298728,0.11546230208465057,0.14193792160228869,0.0,0.0493521347137865,0.03579380454461804,0.054911421425307264,0.3227075409769572,0.40990361515406576,0.06835552189949447,0.08780427487559017,0.04847627937133989,0.06986795515096511,0.0654362318718274,0.1275706322472742,0.0654362318718274,0.18451206931206668,0.08816431799375393,0.2668352723258,0.04847627937133989,0.18451206931206668,0.31048323064226957,0.30684306913897097,0.5545801381325952,0.09759395052030286,0.10034751318281346,0.31048323064226957,0.06464056051078763,0.1495065098631502,0.10646902134490266,0.10646902134490266,0.11294104484265256,0.02813116398182706,0.13496880312929013,0.0,0.07780133560963859,0.0,0.052617757229049586,0.0,0.0
Varshini,0.29424876908799735,0.32189273324974677,0.4657249767336689,0.3588191966486433,0.08276342158147612,0.13231079324630712,0.4657249767336689,0.033440031935836986,0.11802909956071583,0.15594735067817866,0.033440031935836986,0.15870463942460072,0.08741592189893727,0.06699329345968424,0.03424641578422405,0.05779766490828797,0.05547123340718238,0.23161622766816137,0.08499174152415938,0.029670957804946635,0.09625408116827318,0.1640849897049856,0.12001134807381919,0.07372838196599754,0.05566071351683769,0.0,0.11713540248649337,0.15923118182218077,0.033279491872784665,0.16205425429317583,0.03223545456493988,0.12235313666215848,0.05823097954000809,0.0,0.06192017030265044,0.029939380009073077,0.034447593664735744,0.4657249767336689,0.45514511116477674,0.08576296814088727,0.08845688297053064,0.060821269266670926,0.08766055828659365,0.25273670585815705,0.1315098513625251,0.25273670585815705,0.03932309103131216,0.11061628066243019,0.19398386201660928,0.060821269266670926,0.03932309103131216,0.20366872848420123,0.39108307961702266,0.5045219130657042,0.0,0.03633532246505469,0.20366872848420123,0.08110195310697754,0.048279674881519,0.14865746815826897,0.14865746815826897,0.07085132964737534,0.035295058150340196,0.11289334390873455,0.0,0.05448912560101368,0.0,0.03208559468739273,0.0,0.0
Anjana,0.08659608861310905,0.13819940338318645,0.5330398966129757,0.26325906757384027,0.08629704765824833,0.17681481520204276,0.5330398966129757,0.06997424649218953,0.21085709729378194,0.2084017585782248,0.06997424649218953,0.11580380802562515,0.06740192484190898,0.06086250886480354,0.07166162831893612,0.05250840362046892,0.05681900247551681,0.128251223322341,0.04446192726896339,0.04575550138951926,0.12347999906322707,0.15021454132890094,0.09514823803146114,0.1447176035294373,0.08160153561092089,0.0,0.08547151306811483,0.06339865765556277,0.034819155853517976,0.10770727759088969,0.033726816527013315,0.11932068262407415,0.15586037399167835,0.0,0.09077822871346268,0.06264902977957562,0.0360412994638289,0.5330398966129757,0.5094553543975843,0.03976973651908922,0.1379732362573604,0.06363514388682266,0.04585807158437094,0.0,0.11947493668418321,0.0,0.2627814368886679,0.05786695198118965,0.20254583198135204,0.06363514388682266,0.2627814368886679,0.21254666296333385,0.3610145748241594,0.2639317209184281,0.12811224715225636,0.13172686771519174,0.21254666296333385,0.03760834514203717,0.18038807877540453,0.07576334885747348,0.07576334885747348,0.09607688977036982,0.036927971595644524,0.05905815736924768,0.0,0.08421908042623903,0.0,0.03357002343496581,0.0,0.0
Pritha,0.02754391372832236,0.10080430778161632,0.5479950090829141,0.36993993045392626,0.23336142540977464,0.14296925896622117,0.5479950090829141,0.0638000717397048,0.09007485439960244,0.16850988961043747,0.0638000717397048,0.1276088297911512,0.0,0.05549230790597089,0.06533856750058052,0.04787532679322558,0.0626111225478596,0.13098343232447462,0.09642703905322,0.0,0.12679633434692267,0.10176354861787607,0.07724964088164432,0.056266406296603504,0.04247792014399006,0.0,0.09418446551159812,0.13749617286478022,0.02539751125858417,0.1671603180098409,0.02460074580970861,0.12252531003630991,0.044439439283481784,0.0,0.04725487481619486,0.05712119522153012,0.0788668725420103,0.5479950090829141,0.7126971011002624,0.029008524366406867,0.1172057181277297,0.0464162396729647,0.06689885844796237,0.0,0.10893307057473489,0.0,0.07502433112619168,0.08441770217664389,0.4522521674941208,0.0464162396729647,0.07502433112619168,0.5570370233536417,0.3031128621309345,0.4823518455467444,0.09344661464798855,0.09608316238133588,0.5570370233536417,0.027431979487954852,0.08469898526400302,0.055262698317291636,0.055262698317291636,0.16221228220221962,0.0,0.17231092252860084,0.0,0.09559247566713239,0.0,0.05179068590493884,0.0,0.0
Abhishek,0.3336122538604039,0.21743162988368014,0.30551266044280273,0.2631332209252612,0.18359448906010828,0.05384807648426872,0.30551266044280273,0.049084322210536484,0.08171331511233842,0.06346772368906509,0.049084322210536484,0.13531376920069044,0.08554121170401197,0.07978749034524613,0.050267957582522636,0.11237059703903755,0.04447485371093527,0.2093047532307721,0.1530845176873644,0.06853153010027602,0.13311039566573935,0.1945769458030761,0.1666796874285767,0.024263788172484653,0.07253822113670862,0.0,0.09987126321418954,0.1542326859395512,0.0,0.16956569168733657,0.0,0.11828067810715351,0.028491082862013364,0.043291730580682704,0.03029611929695778,0.09588847419151961,0.06741767033643249,0.30551266044280273,0.5393034922553942,0.04672772589026949,0.06372637840717514,0.0,0.04289030082617334,0.24731654819337945,0.15662524491659285,0.24731654819337945,0.05771965990339516,0.05412200933483709,0.4279120609174907,0.0,0.05771965990339516,0.5649086079747017,0.14110331402612922,0.371641338489299,0.0,0.0,0.5649086079747017,0.04418818420233292,0.13544878965684717,0.10453789492431859,0.10453789492431859,0.22852285926879934,0.06907625008712213,0.1657083724822267,0.0,0.15286942445717272,0.0,0.12920323381305196,0.0,0.0
Athi,0.10637666470614873,0.04163263125669597,0.06658616017833745,0.11587910113519849,0.25142290964936354,0.023575110042271304,0.06658616017833745,0.021489501074411756,0.0,0.027786667004517766,0.021489501074411756,0.023200861291200272,0.11235183932672808,0.06741230024289305,0.02200770591971668,0.11533890824227352,0.011383475359006563,0.106713847371643,0.14644673251999601,0.09001092345153112,0.0830313705428175,0.1323349457816989,0.09461252045251001,0.0,0.05950427230228683,0.0,0.01712389905695969,0.12469244030114225,0.0,0.08181981912271924,0.0,0.06664583868249888,0.0,0.056860377138528914,0.0,0.08746240903126778,0.08854795384042864,0.06658616017833745,0.22414905105889738,0.06137329419055589,0.027899908067904284,0.0,0.0,0.1055198406611951,0.13233237428883624,0.1055198406611951,0.025270119615554826,0.0,0.23794622734176074,0.0,0.025270119615554826,0.31412499047645254,0.05916311559119122,0.16390256329577615,0.0,0.0,0.31412499047645254,0.05803780040922107,0.11584988351622073,0.03930909821997139,0.03930909821997139,0.2731862925553749,0.04536318574686055,0.2901936983643571,0.0,0.13074982110524824,0.0,0.12846036253774182,0.0,0.0
Abhish,0.09435918924112416,0.05143119455824321,0.5282142191067051,0.5114723366012645,0.25707323126602527,0.05824739079498066,0.5282142191067051,0.05309444430274332,0.0,0.06865295003926138,0.05309444430274332,0.08786859656928822,0.0,0.04618072003688137,0.0543747810681797,0.07516058981811724,0.043112623765237564,0.11837749487442828,0.14061119146847015,0.03204280035678114,0.1264843968661036,0.11059531043194054,0.10295727534574652,0.05800857284731571,0.058848371055885446,0.0,0.064853324152233,0.11833553664987996,0.05283954665634019,0.14249519262549717,0.051181875371883526,0.09053709979508467,0.023114074067074903,0.0351214543855719,0.02457845315203769,0.08967589385882846,0.13673550362520512,0.5282142191067051,0.7028269764315394,0.0603522629081329,0.3785777365422114,0.09656903138422754,0.03479578487264411,0.0,0.09065414333629446,0.0,0.06243527729219112,0.04390777768900643,0.4912820731035025,0.09656903138422754,0.06243527729219112,0.5653378170660324,0.4052147165990395,0.35212252255324206,0.0,0.05769144474935673,0.5653378170660324,0.05707225976874563,0.1201852891068044,0.11497409712161567,0.11497409712161567,0.19686497220375665,0.02801988201926667,0.17924652021307128,0.0,0.13564282132400235,0.0,0.10628489656343038,0.0,0.0
Riddhi,0.16631589981883824,0.07325951557708023,0.235882812637213,0.29476327215787396,0.182641037551702,0.06656409273072995,0.235882812637213,0.060675396199187916,0.0,0.078455382640854,0.060675396199187916,0.17673482810982966,0.07930607999287083,0.0871653780462823,0.06213854251386223,0.11556250673813709,0.06639556345645321,0.17854262950998584,0.16171766204865684,0.06353624060145759,0.16707007602563556,0.2212914467132576,0.18557584746291333,0.04499038270337924,0.09249933200394111,0.0,0.13044297444033717,0.17121153008862966,0.0,0.1930818182519346,0.0,0.15185058075622404,0.16156250666271457,0.04013617974387905,0.0561756470963201,0.10248003272010145,0.06250357050277028,0.235882812637213,0.4522124483677966,0.04332172403824913,0.07877511767626513,0.0,0.07952802071610741,0.07448355963248499,0.1711082605264548,0.07448355963248499,0.22786051435068355,0.10035407065626552,0.37900225563952916,0.0,0.22786051435068355,0.5003402713013998,0.08905661975724055,0.40557412340488563,0.0,0.0,0.5003402713013998,0.040967290517414615,0.22773932697124605,0.027747213633190937,0.027747213633190937,0.1928347065805292,0.06404125573965802,0.20483976758924105,0.0,0.15352333181969624,0.0,0.11978556057366344,0.0,0.0
Sahithi,0.3842104621334251,0.4026312992067269,0.5620670830926278,0.12689690868781117,0.16359698370513553,0.15064886224684743,0.5620670830926278,0.05015849447119715,0.20152699179125094,0.17756140956953603,0.05015849447119715,0.09979929795578732,0.0,0.04362707663796256,0.05136803278379783,0.03763874003248688,0.02657009038416539,0.2058099511449072,0.020679814001800613,0.0,0.06989064700348574,0.07958642616012694,0.08435150319955942,0.024136533978601497,0.0,0.0,0.0736590371668023,0.029487530766487118,0.06655692244585529,0.09533002880561905,0.06446891249683227,0.06753644130839351,0.0,0.0,0.0,0.04490767920131101,0.179392938474219,0.5620670830926278,0.5440526096216048,0.038009986231841465,0.11016113706777275,0.060819385661214656,0.0,0.0,0.08564126448705855,0.0,0.058982809821143956,0.0,0.21877747869113767,0.060819385661214656,0.058982809821143956,0.23640167395157496,0.5000548106934697,0.06376063817100716,0.0,0.03633419717759397,0.23640167395157496,0.035944233132272,0.08648769046326923,0.26672203135053835,0.26672203135053835,0.16267476910125223,0.035293965079364976,0.11288984765617147,0.0,0.09761123371604608,0.0,0.06601537310707348,0.0,0.0
Shiva,0.06350042622025548,0.13563465051615636,0.31769538060018987,0.04866350976320624,0.03727669060304631,0.18000668282741739,0.31769538060018987,0.045494619711086356,0.2741826867927729,0.21216383488114587,0.045494619711086356,0.04911767647642855,0.0,0.03957051107046824,0.04659169182495046,0.03413898647148855,0.02409953030809033,0.04262253709112201,0.0,0.0,0.06339202243423059,0.039169617543603145,0.062300540487101236,0.0,0.0,0.0,0.0362523668125104,0.0,0.19933968861986512,0.03436029040350215,0.19308604530557233,0.06125671725912416,0.1630579399532653,0.0,0.0,0.0407320396856071,0.20633646153857224,0.31769538060018987,0.3100634493462349,0.0,0.059065852814748084,0.0,0.0,0.0,0.0776781041873704,0.0,0.28820276091925695,0.0,0.10467728126830907,0.0,0.28820276091925695,0.13818983536259505,0.1565732332581386,0.0,0.4523724398635147,0.3308977122212069,0.13818983536259505,0.0,0.20321437739794648,0.05690704060645447,0.05690704060645447,0.12493115059452117,0.04801835271304192,0.07679477936647211,0.0,0.07413156938259635,0.0,0.04365192985783699,0.0,0.0
Sringesh,0.3187432567322088,0.3574427283108525,0.2972789618987583,0.06624587671328173,0.05074494342854922,0.1860102285393535,0.2972789618987583,0.061932051000089944,0.24883083244608747,0.21923987928750732,0.061932051000089944,0.12322489492423305,0.0,0.05386753258470842,0.06342550069893535,0.04647357126338143,0.03280680989526231,0.1396904936056904,0.0,0.0,0.08629587391493039,0.09826751492101221,0.10415108454041047,0.0,0.0,0.0,0.09094880726636455,0.0,0.0,0.08620202497912524,0.0,0.08338907241081271,0.14798105383722074,0.0,0.0,0.05544872723778328,0.0,0.2972789618987583,0.30537244433870264,0.0,0.08040663779843328,0.0,0.0,0.0,0.10574358771813652,0.0,0.2858304539996735,0.0,0.11862635032639932,0.0,0.2858304539996735,0.15660471520321761,0.12120144159904378,0.0,0.0,0.0,0.15660471520321761,0.0,0.19864953541298633,0.0941379728465831,0.0941379728465831,0.11337959578891116,0.04357841415168089,0.06969407551146868,0.0,0.08333170071385901,0.0,0.039615725454661,0.0,0.0
Nifarg,0.5541928416018786,0.44263475487215653,0.3037957439802268,0.08596482814935998,0.1792078819393235,0.25004212654534125,0.3037957439802268,0.12371534358330309,0.14110357826628378,0.2947107052717499,0.12371534358330309,0.09773298391129076,0.10450557890633491,0.08009036298834019,0.04094152906303548,0.0690970054363566,0.021176986322394262,0.2444195731157775,0.024723446473112858,0.03547157719958886,0.055704487800243306,0.12279804365026391,0.08778110566868413,0.05826036958210528,0.06539104214528522,0.0,0.07213394925416702,0.0807309730875705,0.0,0.09887369591426484,0.0,0.08890559113514887,0.21169457381105278,0.0,0.07274474598100508,0.035792475466451264,0.13210650670215723,0.3037957439802268,0.36363203162857294,0.05708719747899146,0.05190295168360857,0.0,0.0,0.30214628162501694,0.15721979303056258,0.30214628162501694,0.351722214055659,0.0,0.19120858848715808,0.0,0.351722214055659,0.2524242418488769,0.17238572173757735,0.07622809009670758,0.0,0.0,0.2524242418488769,0.05398464294454201,0.21047791536127386,0.18229982461762367,0.18229982461762367,0.1270539575669546,0.04219517914366236,0.13496379153324117,0.0,0.10115267750523649,0.0,0.1737911801241437,0.0,0.0
Anuhya,0.6629692021410867,0.36936637148952634,0.343586796970612,0.11459646060314166,0.042493961914226275,0.05689542035862574,0.343586796970612,0.05186207804474799,0.12950639231017494,0.06705945790931638,0.05186207804474799,0.25725595196437945,0.13557317686104675,0.10389976362903514,0.05311269712786722,0.08963828186615627,0.05675137056376865,0.2662799466514058,0.03383348510914241,0.04601662858142996,0.110772336912634,0.2633478822650602,0.19285774694106286,0.038455368818126695,0.04316204413284366,0.0,0.18987333693990655,0.10724071451657045,0.0,0.17996350502791963,0.0,0.15254641533411545,0.2310347959500293,0.0,0.048015933581370934,0.04643292403611313,0.0,0.343586796970612,0.3398421631114394,0.07405817757593092,0.06733275028808709,0.0,0.06797629147048403,0.12732911277676265,0.20395836308120363,0.12732911277676265,0.328539817992237,0.08577728322362489,0.11932798570742133,0.0,0.328539817992237,0.15753097997254684,0.15224165489052943,0.10431644123686773,0.0,0.0,0.15753097997254684,0.07003329030176014,0.2316564017318063,0.11824711476300298,0.11824711476300298,0.08747500846192369,0.05473903445723626,0.0,0.0,0.0845070749313899,0.0,0.1728313248543868,0.0,0.0
Lothith,0.5449003188116855,0.39540122970719954,0.20933993413858837,0.1717814043066978,0.04419263315947415,0.12170953081482791,0.20933993413858837,0.017855751199540814,0.2152227173095969,0.1434522340707553,0.017855751199540814,0.10911668113288242,0.0,0.015530654064150313,0.018286330613931173,0.013398886560883692,0.029619605159193277,0.19366092012722033,0.045382474322481145,0.0,0.05139615083438989,0.08701671117634019,0.11718208666469054,0.02647982972493276,0.029720780591733498,0.0,0.08053593397666797,0.06471127388896991,0.0,0.10358202766359959,0.0,0.04966491616726619,0.031093208426564004,0.0,0.03306310105441138,0.015986531398542288,0.0812219257300051,0.20933993413858837,0.1989730954486491,0.0,0.02318219558590646,0.0,0.04680752463937755,0.0,0.030487141354952438,0.0,0.02099708909367196,0.05906503887067818,0.06173097996136319,0.0,0.02099708909367196,0.08149422543528614,0.15399045287053398,0.2693962066693849,0.0,0.0,0.08149422543528614,0.0,0.06620705410708985,0.16284662249360438,0.16284662249360438,0.09806608149510644,0.07538506878402904,0.06028090717097296,0.0,0.07472221997698805,0.0,0.15327429846390905,0.0,0.0
Srivineel,0.16864347463865853,0.20779133412339604,0.5291892288760311,0.10607074544696242,0.2018389195285814,0.16498804324449762,0.5291892288760311,0.06529381597951711,0.19675330852204415,0.19446220226084465,0.06529381597951711,0.07049362209333655,0.06289355152661881,0.05679154336179639,0.06686833237670434,0.04899622668685387,0.03458761293361893,0.15165179399103784,0.0,0.042695011915723564,0.09098014388680414,0.11021078952757529,0.06604393412679001,0.11083029234279511,0.04897309816901658,0.0,0.052029347261500276,0.0,0.032490175583605486,0.04931384178736912,0.031470900542466665,0.08791555682026944,0.0,0.0,0.054480483401575505,0.0584585676414463,0.1415129844100666,0.5291892288760311,0.5027712248305687,0.03710962229684226,0.12874449600957238,0.059378722645338784,0.0,0.0,0.11148350887768765,0.0,0.07678086774769796,0.0,0.19452731792903993,0.059378722645338784,0.07678086774769796,0.20562944270531813,0.3818074498584892,0.0,0.11954308777323569,0.1229159339516997,0.20562944270531813,0.03509280185349952,0.09568690810518146,0.14513164025278302,0.14513164025278302,0.15882140029601988,0.03445793706591726,0.11021576230299067,0.0,0.10799360117712219,0.0,0.06445162981238811,0.0,0.0
Priyashu,0.32763656417420645,0.35841723138373305,0.5399838358324273,0.10106168101965218,0.04576283917598152,0.16774787000639224,0.5399838358324273,0.05585160408635478,0.13142161570464725,0.19771505610056878,0.05585160408635478,0.11112675801550537,0.07173125942077813,0.04857885463902335,0.057198427903035386,0.041910827443412214,0.02958585947046765,0.15551978304468767,0.0,0.04869445120146843,0.17107680438013526,0.15020152636837675,0.09392560144515513,0.12640399943636496,0.05585472475527441,0.0,0.08201951483182435,0.0,0.0370556465145375,0.07773876842168809,0.03589314446746978,0.07520198963554942,0.0,0.0,0.06213599953238167,0.16984327055921342,0.038356290384371765,0.5399838358324273,0.47474099655706803,0.04232421097821554,0.12266469075831213,0.06772253203644471,0.0,0.0,0.0953617537370999,0.0,0.06567750042663241,0.0,0.1511922094145913,0.06772253203644471,0.06567750042663241,0.14122937009745973,0.43545846227166296,0.0,0.0,0.04045821584066563,0.14122937009745973,0.04002398993941289,0.06658630742875239,0.16552532150659893,0.16552532150659893,0.07889068248199868,0.039299914900401835,0.12570311655350827,0.0,0.07515025065303105,0.0,0.1529851352001204,0.0,0.0
Ayush,0.14877724936754846,0.1115836709467849,0.5417864521673799,0.10689005560854113,0.057865542663235014,0.15825747033106313,0.5417864521673799,0.07062244033069777,0.09970687895282367,0.18652925145128765,0.07062244033069777,0.0762466023052347,0.19611107060966357,0.13711422819050764,0.16144304664884057,0.052994805767014236,0.16871069984775716,0.0885784658494085,0.0,0.0738869587866025,0.16915446679461343,0.15424574816808506,0.10682146006534513,0.17140989715931582,0.08475166357158852,0.0,0.05627545912729531,0.10817340068276687,0.028113357469649203,0.05333834141656646,0.027231391057442846,0.09509034006570045,0.0,0.0,0.09428261174191012,0.15414834599341382,0.029100129243797405,0.5417864521673799,0.504932706039107,0.032110509052503455,0.12973894243665737,0.0513796932713995,0.0,0.0,0.12058167125721636,0.0,0.0830469496950835,0.0,0.1797036907538419,0.0513796932713995,0.0830469496950835,0.1929540409374847,0.3355257985703322,0.0,0.0,0.03069481689023105,0.1929540409374847,0.03036537862284824,0.11262229881766175,0.06117213520306204,0.06117213520306204,0.05985273949466547,0.08944811331425613,0.09536837116932607,0.0,0.12710712325238818,0.0,0.1702762673244012,0.0,0.0
Sundar,0.14971869782750424,0.13437209302309194,0.4316446956709599,0.11965554990961336,0.24944175569490118,0.06104569754491847,0.4316446956709599,0.05564519447109878,0.0,0.07195115809418018,0.05564519447109878,0.060076612945801806,0.0,0.04839932277311464,0.05698704085892366,0.04175593846736276,0.029476519623023428,0.16219916170566742,0.03441288311844586,0.0,0.07753579299420825,0.04790898351088367,0.03636814774529456,0.0,0.0,0.0,0.04434084764595077,0.049069636198388535,0.0,0.08448629092498439,0.0,0.07492406720160895,0.0,0.0,0.0,0.049820006934969456,0.18388074572335816,0.4316446956709599,0.5125870570538031,0.0,0.07224438598125103,0.0,0.0,0.0,0.09500932728093979,0.0,0.06543477744999103,0.0,0.2661456934819942,0.0,0.06543477744999103,0.35135254870127347,0.1633470314412771,0.10610285898825478,0.2037558463087556,0.14904166888594067,0.35135254870127347,0.0,0.08275525926302038,0.12687273523741832,0.12687273523741832,0.11789869173357435,0.0,0.09392891861388908,0.0,0.09339875894345079,0.0,0.05646354914634086,0.0,0.0
Pranava,0.0619750903576065,0.024255188777407743,0.20879255802871427,0.25491722437375175,0.13399183084672633,0.09614408435979849,0.20879255802871427,0.08763854762262524,0.0,0.11331966857290655,0.08763854762262524,0.37712257040205177,0.11369444050939806,0.10461155722085445,0.08975189217428667,0.18144551849088883,0.06056027761960882,0.2298127436505659,0.11714044196450268,0.08518670061367191,0.2219006181104056,0.26827843681900126,0.12165801470825435,0.08549772527483541,0.09306780306400728,0.23384737701740338,0.1485892823386829,0.11801902157883995,0.0,0.14366361826588903,0.06004364360084826,0.20986632063724225,0.021801408064788173,0.03312688004142908,0.06496816446474751,0.18280445119151284,0.06416410330884031,0.20879255802871427,0.2909987994777208,0.03575610744622089,0.11378148861666054,0.0,0.032819705550034974,0.06147590430253269,0.337053278837972,0.06147590430253269,0.10305667747653188,0.041414221302491984,0.18716800592390975,0.0,0.10305667747653188,0.2470900620496037,0.07350395524484825,0.284380362564314,0.0,0.0,0.2470900620496037,0.03381284734254599,0.079286046917537,0.02290149743638221,0.02290149743638221,0.026526408481828533,0.026428611419023623,0.04226674319743804,0.0,0.0894833567023725,0.0,0.024025395015058723,0.0,0.0
Akshaya,0.24487571996930907,0.2678812049128664,0.22748217756326672,0.32408755730261685,0.0802773079991673,0.12537483581744635,0.22748217756326672,0.04174351478919472,0.0982245765100076,0.14777232459822837,0.04174351478919472,0.27891126510731523,0.18274675558256315,0.16325610669282048,0.04275013153422357,0.1598930958356684,0.12496859382840275,0.412441166438106,0.17240777613097907,0.05828229486385622,0.13386628316598567,0.1910123838415594,0.14121514824575948,0.13802532076867496,0.1901566822803512,0.0,0.10856860291103451,0.13251321462150167,0.0,0.29814445053396355,0.0,0.3144512728449952,0.15862928111053437,0.036817234390915915,0.1686791494654966,0.0815478702824542,0.0,0.22748217756326672,0.27312677364354565,0.03973935930905424,0.17394144308140025,0.0,0.1558756123213186,0.06832435699556513,0.279569991430797,0.06832435699556513,0.049087394269599516,0.3013341217890144,0.14431585914094247,0.0,0.049087394269599516,0.19051875032730736,0.12000060325962343,0.3189726868327164,0.0,0.0,0.19051875032730736,0.03757961886171848,0.04976663704434352,0.0889037266132982,0.0889037266132982,0.0,0.02937277461758374,0.0,0.0,0.05616733218075839,0.0,0.02670183846162171,0.0,0.0
Gopal,0.34336953502831946,0.4217306756078464,0.35447463372056986,0.10227630982303587,0.18634912431351075,0.17160025156163966,0.35447463372056986,0.05713425339454007,0.2295542227937592,0.20225564332404602,0.05713425339454007,0.11367881827628283,0.07337858990978369,0.04969448301379371,0.058512007435427706,0.04287332251772825,0.030265307855212142,0.20421033689755366,0.023555845241912312,0.04981273428693642,0.07961064178468355,0.15365095073203328,0.06881692984776122,0.10181360002935197,0.0571374457305836,0.0,0.08390311827845186,0.03358848929884082,0.0,0.10858798852139964,0.0,0.07692902651404367,0.0,0.0,0.06356297191960952,0.051153184518362635,0.12586758204241008,0.35447463372056986,0.4101970961199984,0.0,0.07417763733631265,0.0,0.0,0.0,0.0975517658139081,0.0,0.06718580447382343,0.0,0.20397594155915322,0.0,0.06718580447382343,0.26927907794757944,0.16424455172873237,0.0726281060918167,0.13947221935064286,0.10202000439166077,0.26927907794757944,0.0,0.06976956766037504,0.1736904464751926,0.1736904464751926,0.14494743766860285,0.0,0.06429496369116983,0.0,0.07874292328405563,0.0,0.03864967143038906,0.0,0.0
Pranesh,0.047058806905513936,0.172224270738304,0.44296773938718037,0.16546046106960793,0.21331356794548065,0.1964305550444783,0.44296773938718037,0.06540149565171265,0.15389298783181132,0.23152173681254468,0.06540149565171265,0.07060987705569421,0.08399636371851389,0.05688520146219897,0.06697860867167299,0.049077029095922965,0.03464465329443789,0.09586833418816154,0.026964341329934444,0.0570205635202773,0.09113018431441688,0.12842042879357793,0.04274459419600189,0.1480174250092173,0.06540514991407657,0.0,0.052115151758811686,0.0384486941949899,0.043391675924738825,0.0826646004636955,0.042030401278824375,0.08806054326649376,0.0,0.0,0.07276044027220181,0.05855497492452846,0.08982942566558044,0.44296773938718037,0.45967829056007864,0.04956109579187905,0.14363874360429355,0.07930219654311783,0.0,0.0,0.11166736254761138,0.0,0.07690749135739103,0.0,0.23484597719476805,0.07930219654311783,0.07690749135739103,0.2416849637051965,0.3819249782270837,0.08313728599820995,0.15965364392540538,0.16415818862825868,0.2416849637051965,0.04686756713270875,0.07986512126888051,0.09441638086881611,0.09441638086881611,0.13856993129498027,0.0,0.1471967003484781,0.0,0.0901369082256608,0.0,0.044242221921399476,0.0,0.0
Deepak,0.05974593780041932,0.16416840939789082,0.16644178998914794,0.2404635153059051,0.06107646593194896,0.1467112394177292,0.16644178998914794,0.037079579156797327,0.22346771338938232,0.17292035321196605,0.037079579156797327,0.17597773983549786,0.3404232313379202,0.24343149913649845,0.03797372823519541,0.18606334568499122,0.21719374362121974,0.47468075205800364,0.1263036465902705,0.06580057284021101,0.18630793796895764,0.3218927023845083,0.181182237146066,0.05498849818031789,0.202029631339825,0.0,0.22090137858301215,0.18604465835775225,0.0,0.4412210337915845,0.0,0.4265488492424846,0.3442562993117259,0.0,0.22474934991552686,0.03319792316831334,0.0,0.16644178998914794,0.18489825511115593,0.10589803421550217,0.04814057088105493,0.0,0.2076898220551382,0.18207176010560439,0.42335902278880005,0.18207176010560439,0.23489452499168817,0.40149981899985987,0.08531535292206802,0.0,0.23489452499168817,0.11262916299844324,0.057805265762380285,0.3542991638145848,0.0,0.0,0.11262916299844324,0.10014272583194561,0.1376421111838112,0.0,0.0,0.10182290822601314,0.0,0.06259021656694916,0.0,0.02883631058391152,0.0,0.0,0.0,0.0
Tharun,0.4602826844995101,0.3616478591089122,0.5680767452041274,0.40122528610650837,0.06643963872083072,0.1486517406946357,0.5680767452041274,0.03757001854635254,0.13260619690835815,0.17520751381085872,0.03757001854635254,0.09184741782043643,0.09821216119922274,0.07526725101791018,0.03847599424032052,0.11491950041820448,0.019901689614798594,0.1851967732103612,0.08154699400591117,0.0786828891871077,0.09875668270449048,0.1727520631858671,0.12602902043863715,0.05423667748290075,0.05201555415928437,0.0,0.06778997950373883,0.04273889036236115,0.03738965110059528,0.06425189820688089,0.03621667073101685,0.08355161838683559,0.13465525961263022,0.049704397888297835,0.0,0.09327362040981721,0.077404036894736,0.5680767452041274,0.5169064400606546,0.13906076486999525,0.48699146054279174,0.13666591101025125,0.0,0.2839507672915547,0.1477518790711187,0.2839507672915547,0.2380013975632359,0.0,0.22547245586171918,0.13666591101025125,0.2380013975632359,0.1798711256499484,0.5027355443735533,0.0,0.0,0.08164577961642648,0.1798711256499484,0.1315031402945344,0.19780275051980722,0.16701729969864593,0.16701729969864593,0.07960177113446298,0.039654148412513544,0.06341807676124686,0.0,0.09506117446400822,0.0,0.16332532268591554,0.0,0.0
