I would explain how the ups and down in the surface prevent motion,"1. Physics: This statement seems to be related to the field of physics, specifically discussing movements on a surface that has variations (ups and downs). The explanation suggests there might be an impact of these variations on motion, which is a common topic in Kinematics or Dynamics.

2. Natural Science: Since it discusses geographical features (surface with ups and downs) and their effects on movement, it could also fall under the category of natural science.

3. Mathematics: The discussion implies some form of function analysis, as understanding the impact of a wave-like pattern (ups and downs) on motion could require mathematical modeling.

4. Engineering: Understanding how variations in a surface affect movement can be relevant to civil, mechanical or geotechnical engineering, where designing roads, bridges, or excavations are concerned.

5. Robotics/AI: For self-driving cars and robot navigation systems, this could pertain to the algorithms that control their movements over uneven terrains."
I would explain by saying that the surface has ups and downs that make motion difficult.,"The given response is Concrete. It describes a tangible characteristic ('ups and downs') of an object ('surface'), making it concrete rather than abstract or theoretical. However, it does not indicate any sequential or parallel actions nor any apparent risk-taking or risk-averse behavior."
because of the friction the surface and the block oppose each other,The given response can be classified as Abstract. It describes a conceptual relationship (friction) without providing specific details or steps that could be concretely executed (Sequential or Parallel). It does not inherently suggest risk-taking or risk-averse behavior either.
The box is heavy that is why,"The given response can be classified as Abstract. It provides a general statement about weight without specifying any concrete values or details. However, it does imply a causal relationship (the weight of the box causes its heaviness), which could be seen as sequential, but not in a strictly procedural sense as required for a Sequential classification. The response does not involve any risk-taking or risk-averse behaviors."
go to google check makemy trip compare the prices of hotels and select the one which has a balance of price and quality.,"The given response can be classified as Concrete since it involves specific actions like visiting Google, making a trip, comparing hotel prices, and selecting a hotel based on a balance of price and quality. However, there is no clear indication that it's sequential, parallel, risk-taking, or risk-averse. The action itself can be considered as risk-neutral in the context provided, as it doesn't involve significant risk-taking decisions."
I will call my friends and ask.,"The response can be classified as Abstract because it refers to an action (calling friends) without specifying the exact details of how, when, or with what purpose the call is being made. It does not provide concrete steps or actions that can be directly implemented."
I might try if i am bored out of mind and i get to know frm someone there is smthng specifically good or there r other things like distance to travel and price if these factors dont align ill go with the better restaurant.,"The given response can be classified as Abstract because it contains general ideas ('try', 'good', 'better') without specific details. However, it also includes some Concrete elements such as 'bored out of mind' and 'distance to travel' and 'price'. It does not clearly show Sequential or Parallel characteristics, but it suggests a decision-making process ('if these factors don't align, I'll go with the better restaurant'). The response seems Risk-Averse because the individual is considering factors like distance and cost before making a decision."
